id,dex,name,type1,type2,hp,attack,defense,speed,generation,legendary
1,1,Bulbasaur,grass,poison,45,49,49,45,1,0
2,2,Ivysaur,grass,poison,60,62,63,60,1,0
3,3,Venusaur,grass,poison,80,82,83,80,1,0
4,4,Charmander,fire,,39,52,43,65,1,0
5,5,Charmeleon,fire,,58,64,58,80,1,0
6,6,Charizard,fire,flying,78,84,78,100,1,0
7,7,Squirtle,water,,44,48,65,43,1,0
8,8,Wartortle,water,,59,63,80,58,1,0
9,9,Blastoise,water,,79,83,100,78,1,0
10,25,Pikachu,electric,,35,55,40,90,1,0
11,26,Raichu,electric,,60,90,55,110,1,0
12,39,Jigglypuff,normal,fairy,115,45,20,20,1,0
13,52,Meowth,normal,,40,45,35,90,1,0
14,54,Psyduck,water,,50,52,48,55,1,0
15,58,Growlithe,fire,,55,70,45,60,1,0
16,66,Machop,fighting,,70,80,50,35,1,0
17,74,Geodude,rock,ground,40,80,100,20,1,0
18,92,Gastly,ghost,poison,30,35,30,80,1,0
19,95,Onix,rock,ground,35,45,160,70,1,0
20,133,Eevee,normal,,55,55,50,55,1,0
21,150,Mewtwo,psychic,,106,110,90,130,1,1
22,151,Mew,psychic,,100,100,100,100,1,1
23,152,Chikorita,grass,,45,49,65,45,2,0
24,155,Cyndaquil,fire,,39,52,43,65,2,0
25,158,Totodile,water,,50,65,64,43,2,0
26,249,Lugia,psychic,flying,106,90,130,110,2,1
27,250,Ho-Oh,fire,flying,106,130,90,90,2,1
28,252,Treecko,grass,,40,45,35,70,3,0
29,255,Torchic,fire,,45,60,40,45,3,0
30,258,Mudkip,water,,50,70,50,40,3,0
